coef_degree,coef_min,coef_max
0,-4.60559,-2.31336
1,-1.37804,-3.60691
2,-0.04636,9.38522
3,2.92328,-4.93228
